areacd,areanm,parentcd,area,density,age_med,p2001,p2002,p2003,p2004,p2005,p2006,p2007,p2008,p2009,p2010,p2011,p2012,p2013,p2014,p2015,p2016,p2017,p2018,p2019,p2020,p2021,p2022,p2023,p2024
K02000001,United Kingdom,,244377.6,285,40,59113016,59365677,59636662,59950364,60413276,60826967,61319075,61823772,62260486,62759456,63285145,63710543,64138221,64618693,65086958,65605841,65964292,66286727,66627507,66739867,66977988,67636134,68526183,69281437
E92000001,England,,130464.4,450,40,49449746,49679267,49925517,50194600,50606034,50965186,51381093,51815853,52196381,52642452,53107169,53506812,53918686,54370319,54808676,55289034,55619548,55924528,56230056,56325961,56554891,57144395,57932470,58620101
N92000002,Northern Ireland,,14329.8,140,40,1688838,1697534,1704924,1714042,1727733,1743113,1761683,1779152,1793333,1804833,1814318,1824603,1831677,1843186,1854943,1866042,1875178,1886259,1898519,1900523,1904564,1910543,1920382,1927855
S92000003,Scotland,,78800.6,71,42,5064200,5066000,5068500,5084300,5110200,5133000,5170000,5202900,5231900,5262200,5299900,5308200,5316800,5331400,5350600,5373600,5388200,5392100,5411200,5408900,5412900,5447000,5506000,5546900
W92000004,Wales,,20782.8,154,42,2910232,2922876,2937721,2957422,2969309,2985668,3006299,3025867,3038872,3049971,3063758,3070928,3071058,3073788,3072739,3077165,3081366,3083840,3087732,3104483,3105633,3134196,3167331,3186581
E12000001,North East,,8598.5,322,41,2540090,2540600,2540461,2540502,2547127,2552568,2562045,2569312,2575441,2586868,2596441,2598972,2603299,2610482,2611804,2618253,2623787,2629393,2636676,2637426,2647493,2684586,2724805,2760678
E12000002,North West,,14167.1,548,39,6772985,6784880,6814660,6840369,6870021,6901585,6929277,6958547,6986156,7019921,7055961,7079344,7105146,7141096,7182651,7234141,7275765,7316116,7363267,7380605,7424092,7526285,7634293,7737414
E12000003,Yorkshire and The Humber,,15408.2,368,40,4976643,5000111,5026314,5063199,5108408,5134016,5164138,5198675,5223344,5254788,5288212,5313486,5335092,5356428,5377362,5408058,5427784,5443883,5464651,5468487,5482455,5541088,5610523,5672962
E12000004,East Midlands,,15643.3,324,41,4189622,4221753,4255080,4291476,4329112,4366676,4404774,4441125,4471653,4507071,4537448,4570702,4604568,4642629,4681640,4731615,4778346,4815151,4844001,4855469,4881559,4936277,5004242,5063164
E12000005,West Midlands,,13003.8,476,39,5280727,5301243,5325475,5346376,5380687,5415521,5451924,5496240,5528007,5565866,5608667,5640325,5676945,5716882,5756287,5812248,5855052,5889328,5920977,5931924,5956226,6020253,6105956,6187204
E12000006,East of England,,19132.4,344,41,5400463,5432688,5474133,5508564,5562653,5606294,5653534,5708350,5751443,5807402,5862418,5915033,5970484,6039521,6098262,6161075,6202843,6237376,6274179,6297779,6349646,6402514,6493348,6576306
E12000007,London,,1573.3,5782,35,7322403,7376671,7394817,7432730,7519009,7597825,7693473,7812161,7942594,8061495,8204407,8320767,8438987,8547192,8659545,8743651,8776229,8833335,8889743,8867008,8804769,8871368,8999705,9089736
E12000008,South East,,19087.6,506,41,8023449,8045192,8087924,8133100,8202896,8270861,8351391,8426399,8490922,8577771,8652784,8731840,8809382,8893930,8969638,9053011,9105076,9150245,9193770,9225273,9295829,9392970,9529446,9642942
E12000009,South West,,23850.3,247,43,4943364,4976129,5006653,5038284,5086121,5119840,5170537,5205044,5226821,5261270,5300831,5336343,5374783,5422159,5471487,5526982,5574666,5609701,5642792,5661990,5712822,5769054,5830152,5889695
E06000001,Hartlepool,E12000001,93.9,1046,41,90152,89993,90134,90317,90457,90781,90969,91379,91530,91773,92088,92344,92465,92358,92125,92260,92306,92288,92401,92202,92575,94161,95942,98180
E06000002,Middlesbrough,E12000001,53.9,2898,36,141233,140090,139050,138451,138517,138169,138190,137885,137273,137667,138368,138472,138588,139030,139602,140649,141213,141057,142134,142459,143943,149339,153639,156161
E06000003,Redcar and Cleveland,E12000001,245.1,568,45,139159,138520,138565,138643,138177,137621,136940,136512,135867,135383,135164,134951,134838,135106,135370,135344,135584,136276,136699,136571,136605,137233,138115,139228
E06000004,Stockton-on-Tees,E12000001,204.9,1009,41,183795,184940,185699,185687,186350,187270,187937,189039,189978,190902,191824,192837,193923,195113,195790,196412,197046,197509,196860,196388,197032,200753,203768,206800
E06000005,Darlington,E12000001,197.5,570,42,97894,98474,98911,99343,100287,101509,102632,103694,104355,105028,105584,105557,105591,105825,105988,106258,106541,106411,106532,106827,108210,109461,110925,112489
E06000047,County Durham,E12000001,2230.8,242,43,493678,493538,493931,495147,497218,499348,502960,505617,507311,510628,512994,513122,513179,513604,513924,514431,515911,516648,518562,519204,521447,527755,533997,538011
E06000057,Northumberland,E12000001,5032.3,66,49,307363,308499,309448,310140,310752,311375,312960,314057,314489,315463,316278,315924,315013,315274,314188,314327,315663,316153,318027,318490,321532,324627,327865,331420
E08000021,Newcastle upon Tyne,E12000001,113.5,2826,33,266241,267001,266862,266884,269608,270258,271577,271649,273422,276681,279092,280869,284371,286876,287955,290316,291759,294955,297087,298426,298545,304886,313522,320605
E08000022,North Tyneside,E12000001,82.5,2608,43,192003,192739,193037,193195,194120,195365,196470,197964,199017,200164,201206,201566,202268,203211,202953,203743,204492,205766,207294,208015,209128,210772,212705,215025
E08000023,South Tyneside,E12000001,64.4,2350,42,152793,152210,151181,150265,149585,148887,148642,148626,148509,148468,148164,147761,147517,147606,147230,147664,147796,148076,148368,147919,147919,148987,150124,151393
E08000024,Sunderland,E12000001,137.4,2101,41,284601,283037,281528,280113,279199,278370,277834,276812,276209,275980,275330,275317,275247,275751,275408,275490,274816,274339,274277,273583,274378,278013,283606,288606
E08000037,Gateshead,E12000001,142.3,1424,41,191178,191559,192115,192317,192857,193615,194934,196078,197481,198731,200349,200252,200299,200728,201271,201359,200660,199915,198435,197342,196179,198599,200597,202760
E06000006,Halton,E12000002,79.1,1663,41,118559,118788,119178,119960,120396,121275,122040,122907,123636,124802,125722,125596,125889,126335,126464,126851,127038,127873,128456,128508,128570,129449,130384,131543
E06000007,Warrington,E12000002,180.6,1192,42,191202,191615,191987,191837,192992,194603,196559,198187,200057,201309,202709,203914,205905,208056,209575,210873,212137,212008,212245,211627,211182,211756,213598,215391
E06000008,Blackburn with Darwen,E12000002,137.0,1186,36,138453,139538,140429,141418,142145,143110,143942,144902,146197,146966,147657,148532,149148,149579,150490,151497,152312,152787,154066,154564,154954,156268,159189,162540
E06000009,Blackpool,E12000002,34.9,4132,42,142270,142164,142658,143143,143688,143733,143644,142921,142578,142753,142080,142565,142733,142253,141788,141996,142121,141880,142407,141560,140976,141680,143070,144191
E06000049,Cheshire East,E12000002,1166.3,361,44,352104,353348,355529,357354,359807,362049,365003,367160,368023,369051,370736,372501,373956,376574,378511,381414,384221,386891,390556,393203,400474,407083,414836,421298
E06000050,Cheshire West and Chester,E12000002,920.0,404,43,322154,322657,324378,325496,327169,328358,329364,329353,329116,329553,329526,331231,333476,336437,339181,342424,346040,350076,353362,354738,357730,362076,366665,371652
E06000063,Cumberland,E12000002,3035.8,93,46,263559,264632,266609,269008,270496,272315,273850,274153,274005,273915,274546,274285,274032,274139,274195,274192,273458,273256,273009,272444,273788,275445,278070,280495
E06000064,Westmorland and Furness,E12000002,3789.7,61,49,224236,224049,224720,225910,226544,226498,226929,226763,226781,226250,225271,224550,224048,224164,224523,224754,225235,225685,226162,225995,226941,227732,228646,230185
E07000117,Burnley,E12000002,110.7,897,38,89521,88842,88282,87923,87624,87646,87256,87328,87027,86902,87032,87563,87795,88786,89230,89891,90902,91994,92949,93927,94734,95894,97425,99233
E07000118,Chorley,E12000002,202.8,596,43,100559,101142,102003,102778,103279,103807,104362,105396,105682,106443,107591,108916,110160,111174,112418,113593,114810,115739,116762,117178,117908,118677,119823,120839
E07000119,Fylde,E12000002,165.7,516,51,73340,73658,74212,74667,74841,74824,75305,75230,75441,75610,76098,75901,76253,76907,77135,77886,78423,79191,79852,80176,81750,83050,84210,85447
E07000120,Hyndburn,E12000002,73.0,1179,39,81495,81233,81408,81280,81311,81491,81453,81176,81003,80876,80549,80362,80316,80707,80781,81242,81392,81778,81954,82144,82271,83398,84747,86058
E07000121,Lancaster,E12000002,567.0,256,41,134049,133628,134635,135472,136764,136682,136235,135812,136013,137120,137823,138452,138695,138469,138102,138572,138678,138995,139795,140881,142351,144366,145056,145006
E07000122,Pendle,E12000002,169.4,589,39,89277,88830,88559,88330,88312,88788,88819,89005,89287,89234,89576,89873,90720,90803,91531,92502,93066,93872,94896,95099,95819,96509,97881,99777
E07000123,Preston,E12000002,142.3,1145,35,130372,131110,132685,134410,136200,137784,138470,138443,137956,138831,140054,140216,140302,140158,140615,140468,141734,142417,144624,145912,147786,152550,158317,162864
E07000124,Ribble Valley,E12000002,584.5,113,48,54053,54659,55400,56054,56358,56664,56986,57158,57004,57218,57292,57509,57692,57911,58275,58611,59066,59452,59903,60780,61865,63235,64736,65794
E07000125,Rossendale,E12000002,138.0,529,42,65647,65556,65729,65623,65872,66199,66623,67063,67479,67824,68053,68144,68505,68931,69196,69475,70084,70515,70884,70811,71008,71264,71962,73045
E07000126,South Ribble,E12000002,113.2,1026,44,103949,104522,105149,105578,105753,106512,107128,107830,108609,108846,109181,108879,108916,109357,109873,110253,110348,110334,110477,110613,111203,112351,113957,116113
E07000127,West Lancashire,E12000002,346.6,352,44,108480,108750,109273,109588,109806,110308,110720,110666,110583,110763,110617,111040,111735,112544,113536,114243,115210,115366,115744,116198,117099,119401,120157,121995
E07000128,Wyre,E12000002,282.4,421,50,105800,106444,107246,107760,108188,108435,108475,108245,108057,107912,107692,107466,107497,107765,108461,108574,108707,109019,109544,110409,112434,114974,116832,118743
E08000001,Bolton,E12000002,139.8,2218,38,261302,262367,263814,264511,265016,266816,268319,270497,273049,275168,277296,279738,281629,283212,284972,287253,289684,291594,294888,295712,296169,299957,305575,310085
E08000002,Bury,E12000002,99.5,2000,40,180655,181084,181405,180999,181028,181809,182713,183000,183885,184755,185422,186632,187093,188406,189254,190470,191896,192900,193763,193604,193866,195046,196719,198921
E08000003,Manchester,E12000002,115.7,5099,30,422915,428221,436727,444925,455745,463749,470538,477408,483784,492598,502902,506869,510783,515360,523321,533446,536961,540675,545947,547340,550630,569103,581302,589670
E08000004,Oldham,E12000002,142.3,1767,36,218537,218455,218490,218988,219288,220033,220723,221907,222811,223807,225157,226057,227866,230348,232693,235021,237161,239923,242077,242181,242003,244885,247969,251560
E08000005,Rochdale,E12000002,158.1,1490,37,206440,206697,207528,207286,207200,207845,208393,209666,210248,210758,211929,212345,212503,213462,214560,216251,218492,219969,222042,223024,224127,227715,231217,235561
E08000006,Salford,E12000002,97.2,3028,33,216978,216310,217312,217921,219536,221931,223468,226782,228948,231837,234487,237421,239718,242602,246942,251562,255090,259224,263611,266090,270866,280044,287178,294348
E08000007,Stockport,E12000002,126.1,2411,41,284557,283502,282932,282368,281195,280498,280953,281477,282263,282614,283253,283953,284816,286267,288210,289879,290905,291631,293172,293851,295268,297386,300326,303929
E08000008,Tameside,E12000002,103.2,2323,39,213087,213211,213470,213667,213474,214187,214750,216360,217417,218774,219727,220457,221446,222364,223642,225480,226692,228435,229952,230521,231220,233318,236142,239643
E08000009,Trafford,E12000002,106.0,2273,40,210172,211062,213031,214129,215430,217369,219359,220939,223065,225234,227091,228512,230367,231799,232504,233710,234917,235623,236121,235937,235586,237156,238976,241025
E08000010,Wigan,E12000002,188.2,1833,41,301453,302305,303846,304958,306143,308023,309403,311971,314363,316296,318122,318109,318737,320075,320864,321494,322485,323904,326386,327850,329796,334675,340208,344922
E08000011,Knowsley,E12000002,86.5,1879,38,151238,150506,149795,149216,148900,148788,148188,147822,147070,146398,145903,146227,146370,146562,147300,147928,148567,150042,151793,153408,154978,157227,159672,162565
E08000012,Liverpool,E12000002,111.8,4551,35,441858,443784,444960,448091,452278,453055,453582,454468,457523,461403,465656,465365,465815,465745,469953,475486,479801,483598,484687,483348,485022,493693,503216,508961
E08000013,St. Helens,E12000002,136.4,1385,42,176826,176295,175997,175738,175361,175199,174970,175106,175272,175203,175405,176214,176451,177785,178296,179229,180150,180937,181541,182102,183394,185001,186929,188861
E08000014,Sefton,E12000002,156.6,1828,45,282884,280866,279913,278853,276957,275852,275085,274735,274153,273820,273969,273979,273814,275143,275546,276707,276962,277890,278908,278621,279693,281247,283720,286281
E08000015,Wirral,E12000002,160.9,2044,44,315004,315050,315371,315130,314925,315350,315670,316711,317771,319078,319837,319971,319965,320917,320714,320914,321020,320643,320732,320249,320631,322674,325583,328873
E06000010,"Kingston upon Hull, City of",E12000003,71.6,3848,36,249913,249463,250604,253049,255159,255497,255761,256746,256079,256174,256123,258085,259094,260896,262711,265338,267566,268223,268749,267591,266516,268768,273069,275401
E06000011,East Riding of Yorkshire,E12000003,2404.7,148,49,314854,318633,321869,325117,327268,328587,330865,332464,332748,333599,334673,334972,334572,335625,334735,336323,336697,337192,338944,341050,343145,346600,351237,355884
E06000012,North East Lincolnshire,E12000003,192.6,830,43,157951,158003,158373,158542,158725,158610,158589,158708,158689,158951,159735,159408,159456,159420,159140,158877,158699,158460,157957,157313,157188,157842,158663,159911
E06000013,North Lincolnshire,E12000003,846.5,202,44,152964,154240,156196,158211,159679,161163,162801,164519,165572,166539,167516,167974,168309,168816,169212,170174,170616,170384,170283,170034,169929,170125,170477,171336
E06000014,York,E12000003,271.9,770,38,181291,182088,183960,186643,188214,188977,189770,190768,192398,195070,197783,199157,201168,202206,203212,202892,203546,203906,203877,202169,201851,204748,206746,209301
E06000065,North Yorkshire,E12000003,8040.0,79,48,570094,573186,576130,579959,584001,587299,591247,594979,596396,599028,601206,603963,604151,603672,603711,605770,607291,607735,610660,610899,618627,624055,628846,635270
E08000016,Barnsley,E12000003,329.1,765,42,218124,218851,220165,221227,222618,224419,225989,227754,228973,230066,231865,233259,234875,236421,238242,240061,241287,242360,243558,244201,244887,246737,249144,251770
E08000017,Doncaster,E12000003,568.0,563,41,286900,288647,290111,290850,292174,293990,296215,298388,300184,301299,302468,302626,302991,303673,304311,306137,307058,308237,308438,308185,308697,311395,315428,319765
E08000018,Rotherham,E12000003,286.5,965,41,248349,249610,250886,251722,252675,253638,254180,255271,256313,256893,257716,258710,259391,261391,262063,263273,264167,265154,265991,265593,266173,268707,272648,276595
E08000019,Sheffield,E12000003,367.9,1583,36,513102,514201,515339,519640,525721,527629,529905,534035,538385,544613,551756,553842,555253,554805,555074,556599,555675,556771,556399,555036,555035,565987,575586,582493
E08000032,Bradford,E12000003,366.4,1538,36,470753,475184,479166,484650,491361,495658,501357,507323,512392,518002,523115,525522,528712,531795,534919,538178,540447,542542,545966,547141,546839,551522,559071,563605
E08000033,Calderdale,E12000003,364.0,580,42,192379,193201,193968,194980,196270,197761,199275,200960,202078,203049,204170,205116,205854,206614,207027,207744,207459,207215,207729,206976,206828,207896,209334,210929
E08000034,Kirklees,E12000003,408.6,1096,39,388980,392118,394486,397530,400724,404266,407974,411807,414785,418339,422970,424922,427009,429036,431110,432588,433393,433571,433259,432878,433458,438486,443745,447847
E08000035,Leeds,E12000003,551.7,1532,36,715609,716380,717592,723042,735054,736204,738560,741665,743885,747571,750683,758029,764369,770434,777987,786739,793134,797696,804640,808443,809479,820294,833516,845189
E08000036,Wakefield,E12000003,338.6,1086,40,315380,316306,317469,318037,318765,320318,321650,323288,324467,325595,326433,327901,329888,331624,333908,337365,340749,344437,348201,350978,353803,357926,363013,367666
E06000015,Derby,E12000004,78.0,3514,37,230726,231979,232827,234501,236470,238110,239917,241865,243980,247035,248943,251804,253812,255320,257406,259883,261104,262395,263014,261999,261260,264321,269903,274149
E06000016,Leicester,E12000004,73.3,5295,32,282757,285295,288648,294127,301543,306548,311303,315473,319708,324912,329627,334099,338852,342917,349853,356789,361895,367094,369776,368922,366940,373086,382696,388348
E06000017,Rutland,E12000004,393.7,109,47,34598,35295,35559,35623,36115,36510,37110,37478,37417,37670,37581,37114,37833,38294,38438,39044,39831,40053,40175,40633,41342,41165,40807,41443
E06000018,Nottingham,E12000004,74.6,4435,31,268939,271769,275547,279624,284834,286459,288164,290783,294808,299753,303899,307436,308681,310339,313265,317625,320378,322323,323160,322822,319978,326572,327186,331077
E06000061,North Northamptonshire,E12000004,986.6,379,40,285093,287657,290977,293506,297012,301168,306155,309747,312196,314555,317959,322316,325788,330649,335250,341647,347704,351998,354848,356437,360418,363174,368282,373871
E06000062,West Northamptonshire,E12000004,1380.4,319,40,345893,349123,351689,353110,357438,362435,365907,368454,371268,373456,376008,380827,385699,391024,397939,405019,411732,417242,422168,422559,426707,429682,436787,439811
E07000032,Amber Valley,E12000004,265.4,491,45,116560,117265,117898,118421,119152,120038,120436,121170,121532,122081,122521,122438,122856,123018,122835,123411,124225,124804,125791,125953,126442,127031,128408,130451
E07000033,Bolsover,E12000004,160.3,522,43,71887,72527,73343,73601,73844,74347,74822,75058,75224,75691,76029,76505,76811,77074,77625,77870,78444,78566,79178,79647,80473,81490,82771,83773
E07000034,Chesterfield,E12000004,66.0,1606,44,98832,99256,99929,100545,101277,101674,102027,102609,103037,103417,103788,103835,104102,104285,104415,104347,104236,104056,104154,103761,103673,104175,105325,106045
E07000035,Derbyshire Dales,E12000004,795.3,91,53,69418,69392,69368,69536,69509,69526,69850,70450,70705,71030,71104,71272,71148,71154,70893,70883,71092,71130,71190,70972,71659,71771,71946,71757
E07000036,Erewash,E12000004,109.6,1042,43,110126,110250,110080,110068,110102,109979,110184,110809,111283,111739,112249,112716,112871,113639,113984,114249,114129,114181,113711,113348,113039,112997,114156,114253
E07000037,High Peak,E12000004,540.2,171,46,89400,89323,89185,89261,89627,90050,90553,90858,91047,91063,90982,90983,90930,90860,90766,90812,90991,90895,91170,90909,91079,91155,91752,91959
E07000038,North East Derbyshire,E12000004,275.6,387,46,96927,96916,97127,97532,97666,97740,98067,98261,98474,98832,99100,99320,99091,99083,99173,99755,99897,100100,100371,100978,102294,103824,104862,106646
E07000039,South Derbyshire,E12000004,338.1,347,41,81738,83480,85312,86506,87832,89295,90655,92023,93015,94095,94915,95521,96193,97213,97682,98630,99868,101194,103315,105265,108051,111235,114413,117493
E07000129,Blaby,E12000004,130.5,829,42,90361,91225,91592,91664,91721,92266,92741,93341,93511,93935,94132,94656,95045,95964,96604,98014,99366,100767,101777,102293,103271,104287,105513,108165
E07000130,Charnwood,E12000004,279.0,675,39,153554,153431,153664,154740,155768,157153,158667,160509,162330,164346,165876,167474,168766,170946,172909,174625,176997,179191,180988,182108,182906,185174,187179,188385
E07000131,Harborough,E12000004,592.7,177,45,76818,78226,79118,79860,80486,81492,82593,83417,84132,84849,85699,86350,87346,87991,89402,90610,91718,92648,93661,95288,98254,100666,102910,104713
E07000132,Hinckley and Bosworth,E12000004,297.3,392,44,100202,100482,101210,101953,102431,102996,103450,104179,104473,104734,105328,105955,106415,107468,108609,109920,111431,112245,112688,113051,113653,114327,115314,116682
E07000133,Melton,E12000004,481.4,112,47,47875,48080,48429,48618,48605,48724,49153,49287,49481,50077,50495,50814,50891,50990,51013,51146,51113,51331,51470,51583,51756,52451,53291,54052
E07000134,North West Leicestershire,E12000004,279.3,401,42,85678,86842,87794,88845,89623,90406,91476,92283,92728,93165,93670,93805,94358,95270,96362,97729,99315,101195,102461,103344,105004,107739,110203,111881
E07000135,Oadby and Wigston,E12000004,23.5,2622,40,55791,55779,56161,56454,56218,56519,56475,56220,55600,55186,55979,56044,56060,56783,56216,56044,57516,57713,57772,57869,57788,58541,59826,61695
E07000136,Boston,E12000004,364.0,195,42,55802,56391,56975,58090,58551,59770,61036,62176,63399,64475,64615,65264,66612,67142,67586,68589,69673,70132,70226,70181,70815,70741,71126,71080
E07000137,East Lindsey,E12000004,1766.8,82,54,130654,132144,133218,134889,135473,135960,136939,137466,137140,137251,136683,136431,136399,137342,137753,138488,140072,141073,142039,141665,142916,144227,144971,145183
E07000138,Lincoln,E12000004,35.7,2945,34,85584,85669,86405,87746,88603,89433,89873,90207,90813,92188,93085,95501,97452,98482,99442,100679,102241,103212,103604,103531,102411,103026,104122,105114
E07000139,North Kesteven,E12000004,922.5,133,46,94378,96898,98593,99943,100710,102275,103844,105495,106456,107478,108518,109139,109654,110746,111665,113063,114423,114860,115821,117057,118502,119799,121115,122468
E07000140,South Holland,E12000004,750.1,132,46,76714,77918,79299,80832,81696,83158,84506,85957,86987,87905,88390,88502,89046,89914,90802,91970,92587,92964,93467,94029,95490,97063,98312,99298
E07000141,South Kesteven,E12000004,942.6,156,46,124877,125485,126209,127129,127665,128966,130196,131218,132188,133144,134125,135092,136342,138082,138915,140409,141116,141616,142212,142869,143751,144322,146114,147151
E07000142,West Lindsey,E12000004,1155.7,86,48,79631,81075,82498,83786,84626,85852,87345,88261,88616,89364,89352,89878,90396,91273,92188,92943,92919,93424,93894,94278,95555,96860,98224,99208
E07000170,Ashfield,E12000004,109.5,1183,42,111477,112488,113048,114105,115020,115704,116301,116971,117875,118566,119522,119990,121352,122199,123115,123989,125410,126076,126521,126687,126356,127126,128449,129572
E07000171,Bassetlaw,E12000004,637.8,196,44,107843,108451,109276,110017,110488,110876,111314,112106,112563,112924,113003,113248,113577,114026,114393,114879,115757,116212,116485,117068,118327,120051,122577,124937
E07000172,Broxtowe,E12000004,80.1,1430,42,107481,107832,107822,108085,108290,108254,108272,108730,109217,109252,109749,110300,110470,110527,110398,110346,110573,110937,111257,111397,110796,112418,113644,114565
E07000173,Gedling,E12000004,120.0,1002,43,111812,111943,111684,111847,111919,111699,111924,112293,112688,113066,113741,114062,114963,115840,115977,116418,116451,117092,117129,117141,117291,117735,119053,120179
E07000174,Mansfield,E12000004,76.7,1475,41,98065,98367,99250,99706,100413,101347,102139,103269,103711,104120,104551,104995,105771,106514,107510,108952,109461,109946,110237,109964,110592,111084,112277,113138
E07000175,Newark and Sherwood,E12000004,651.3,196,44,106351,106954,108359,109776,110553,111534,112471,113309,113914,114596,114982,115773,116670,117638,118248,119388,120455,121025,121624,121831,123352,125042,126372,127886
E07000176,Rushcliffe,E12000004,409.2,310,43,105780,106546,106987,107430,107832,108413,108909,109393,110137,111121,111248,111243,112316,112623,113009,113450,114226,115461,116647,118030,119418,121920,124356,126736
E06000019,"Herefordshire, County of",E12000005,2179.7,88,49,174885,175258,175648,176033,176587,178103,179930,181791,182367,182865,183619,184208,184748,185523,185778,186225,186687,186511,186373,185886,187522,188518,190045,191047
E06000020,Telford and Wrekin,E12000005,290.3,675,39,158573,159401,159848,160603,161535,162710,163368,164089,164889,165641,166831,167964,169014,170610,172898,175352,177528,179548,182081,183483,185857,189000,192417,195952
E06000021,Stoke-on-Trent,E12000005,93.4,2894,37,240422,239955,240031,241078,241481,243069,243697,245509,245869,247381,248719,250322,251568,253316,254095,256168,258235,258843,259181,258866,258102,260624,265822,270425
E06000051,Shropshire,E12000005,3197.3,104,48,283254,284901,286913,288810,291523,294531,297633,300473,302069,304523,307108,307921,308181,309436,310751,312836,315232,317112,319729,321054,324669,327352,329558,332455
E07000192,Cannock Chase,E12000005,78.9,1320,42,92165,93000,93751,94179,94772,94991,95391,95999,96514,96898,97582,97537,97578,97703,97502,97312,97693,98553,98983,99565,100595,101165,103163,104088
E07000193,East Staffordshire,E12000005,389.9,335,41,103938,104487,106065,106800,107609,108466,109776,111191,112033,112979,113858,114853,115724,116812,117657,118986,119782,120861,122052,123096,124486,125819,127909,129659
E07000194,Lichfield,E12000005,331.3,338,45,93229,93679,94467,95580,96307,97432,98528,99490,100012,100424,100911,101286,101808,101910,102430,102624,102975,103163,104179,105008,106883,108305,110192,111932
E07000195,Newcastle-under-Lyme,E12000005,211.0,605,42,122015,122165,122657,123076,123170,123191,123526,123213,123073,123351,123878,123132,123872,124162,123919,125367,125303,125755,125075,124567,123039,125428,126282,127727
E07000196,South Staffordshire,E12000005,407.3,281,48,105942,106013,106300,106300,106428,106655,107144,107501,107561,108050,108318,108331,109840,109886,109704,109814,110302,110338,110478,110243,110787,111641,113412,114423
E07000197,Stafford,E12000005,598.2,237,45,120712,121409,122447,123224,124361,125620,127055,128320,129041,130001,130895,131324,131485,131312,131221,132507,133199,134069,135286,135685,137201,138596,140227,141556
E07000198,Staffordshire Moorlands,E12000005,575.9,168,50,94555,94927,94997,94980,95342,95888,96295,96604,96781,96987,97209,96936,96958,97235,97102,96932,96947,96591,96366,95955,95975,95890,96095,96651
E07000199,Tamworth,E12000005,30.8,2630,40,74596,74519,74544,74424,74724,75078,75407,75824,76255,76582,76895,77283,77308,77371,77632,77688,77327,77480,77698,77968,78842,79664,80586,81117
E07000218,North Warwickshire,E12000005,284.3,236,44,61788,61825,61749,61769,61894,61920,61839,61968,62124,62066,62089,62099,62057,62292,62681,62908,63517,64098,64383,64271,65338,66035,66356,67117
E07000219,Nuneaton and Bedworth,E12000005,78.9,1794,40,119239,119625,120541,120668,121048,121787,122661,123868,124330,124759,125409,126438,127275,127980,128588,129899,131138,131830,132953,133688,134303,135664,138588,141565
E07000220,Rugby,E12000005,353.6,349,40,87520,88653,89050,89998,91321,93051,94748,96434,97662,99035,100496,101509,102851,104734,106327,107555,108671,109418,110998,112672,114835,116631,119395,122378
E07000221,Stratford-on-Avon,E12000005,977.9,150,47,111551,112258,112992,113483,114823,116708,118478,119666,119826,120191,120824,121005,121548,122142,122850,123729,125624,127565,129816,131979,135946,138772,142931,146258
E07000222,Warwick,E12000005,282.9,548,40,126095,128330,130724,132719,134567,135593,136655,137448,138189,138115,137736,139225,139447,140306,141025,142534,143353,145478,146005,146643,148693,151610,153101,154889
E07000234,Bromsgrove,E12000005,217.0,469,45,87904,89021,89984,90516,91046,91734,92563,93097,93444,93507,93732,94179,94530,95380,95440,96254,96703,97315,98339,98837,99449,100231,101006,101685
E07000235,Malvern Hills,E12000005,577.1,144,51,72171,72655,72885,73166,73425,73748,74020,74192,74141,74542,74706,75116,75454,76208,76024,76391,76696,77362,77872,78288,79969,81113,81943,83227
E07000236,Redditch,E12000005,54.3,1619,40,78779,79069,79466,79654,80110,81077,81762,82713,83102,83570,84318,84667,85072,85266,85866,86432,86463,86186,86307,86561,86981,87189,87510,87847
E07000237,Worcester,E12000005,33.3,3199,39,93369,93446,93873,93843,94470,95024,95532,96416,97117,97655,98679,100082,101295,102267,103093,104696,105321,105303,105137,104399,103628,104178,105403,106671
E07000238,Wychavon,E12000005,663.5,208,47,113081,113453,113914,114258,114696,115451,116141,116229,116499,116863,117074,117858,118841,120170,121990,123632,125694,127335,129003,130419,133084,134508,136648,138017
E07000239,Wyre Forest,E12000005,195.4,532,47,96929,96830,97149,97223,97585,97666,98017,98143,97993,97943,98048,98217,98678,99441,100052,100557,101163,101491,101592,101315,101791,102335,103151,103913
E08000025,Birmingham,E12000005,267.8,4420,33,984642,990384,996356,1002376,1014650,1020843,1029021,1038980,1050072,1061074,1074283,1084661,1094531,1103724,1114932,1131271,1139893,1146050,1150646,1148692,1143285,1153593,1170238,1183618
E08000026,Coventry,E12000005,98.6,3741,34,302804,301295,300665,298174,298386,300129,301429,305186,307393,311674,316915,318141,322146,325066,331112,337064,340034,342811,343715,344702,344151,351434,359243,369026
E08000027,Dudley,E12000005,98.0,3388,41,305052,305645,305585,306171,307004,307846,308686,310377,311088,312206,313261,313631,314460,315700,316393,317669,319539,320989,322090,322513,323591,325464,328353,331930
E08000028,Sandwell,E12000005,85.6,4135,36,284594,285637,287135,288849,290447,292516,294603,298358,302303,306181,309042,312710,317499,321610,325911,330051,333826,336977,340198,341436,341895,345697,349834,353860
E08000029,Solihull,E12000005,178.3,1241,42,199574,200028,200536,201153,201557,202351,203170,204778,205470,206329,206856,207729,209115,211205,211697,213061,214330,214901,216323,216432,216677,217957,219710,221242
E08000030,Walsall,E12000005,104.0,2843,38,253333,254287,255352,256702,258172,259454,260939,263034,264774,266834,269524,270517,271704,273764,275490,278429,281229,282921,284600,284578,284392,286804,291237,295678
E08000031,Wolverhampton,E12000005,69.4,4050,37,238016,239088,239851,240567,241647,242889,243910,245349,246016,247640,249852,251444,252358,254351,256127,258305,260648,262474,263519,263123,264260,269036,275601,281251
E06000031,Peterborough,E12000006,343.4,651,36,157439,158794,160778,163485,167220,169887,172443,176027,178963,181762,184457,188675,192488,195766,200246,205091,208237,211037,213026,213718,216470,218017,221283,223655
E06000032,Luton,E12000006,43.4,5515,33,185889,185631,185016,183563,185392,187312,189742,192084,195449,199583,203641,205873,209624,213749,217612,220952,220752,221532,223106,224132,224958,227546,233640,239090
E06000033,Southend-on-Sea,E12000006,41.7,4445,41,160362,161159,161437,161488,162645,163776,165429,168150,170013,172122,174274,175196,176350,178610,179203,180465,181405,181877,182115,181276,180655,180810,182771,185256
E06000034,Thurrock,E12000006,163.8,1105,36,143297,144728,145977,147056,148556,150206,151741,153633,155003,156585,158268,160026,161702,164451,166622,168977,170966,173113,174924,175803,175933,176778,179280,180989
E06000055,Bedford,E12000006,476.4,409,39,148113,149589,150684,151308,151747,152346,153107,154164,154808,156535,157840,160344,163672,166856,170149,173703,175537,178288,180651,182346,185796,187624,191575,194976
E06000056,Central Bedfordshire,E12000006,715.7,441,40,234006,236297,238547,240444,242062,244351,246803,249035,250329,252460,255644,259524,263425,267066,270962,274909,277655,280414,284688,289105,295651,301829,309382,315877
E07000008,Cambridge,E12000006,40.7,3670,31,109941,109543,111317,112167,117217,116654,115454,116183,116746,120219,122725,124679,127819,130432,133654,136054,138462,141726,143153,143741,145022,147928,148842,149352
E07000009,East Cambridgeshire,E12000006,651.2,143,43,73411,74328,77447,75996,77224,78429,79923,81035,82357,83303,84245,85101,85483,86316,86757,86952,87016,86885,87010,86948,88125,89348,91313,92906
E07000010,Fenland,E12000006,546.4,192,44,83687,84676,86296,87983,88968,90647,92713,93653,94404,95135,95461,96429,97556,98571,99991,101075,102029,102346,102487,102228,102731,103019,103700,104896
E07000011,Huntingdonshire,E12000006,912.5,210,42,157189,158476,159626,162654,162822,163896,164764,166346,167052,168352,170039,171437,172540,174283,175647,176425,176743,176909,176968,177816,181827,184117,187113,190619
E07000012,South Cambridgeshire,E12000006,901.6,191,42,130476,131893,134057,135645,137420,139264,141484,143591,145679,147890,149842,151133,151598,153423,154962,156780,157215,157810,159031,160548,163042,165727,169328,172544
E07000066,Basildon,E12000006,110.0,1760,38,165895,166743,167089,167825,168927,169951,170908,172423,173084,173788,174971,176622,178944,181317,182734,184651,185299,186668,187714,187796,187718,188793,191120,193632
E07000067,Braintree,E12000006,611.7,269,42,132482,134272,135767,137426,139160,140921,142344,143894,144589,145972,147514,148443,149285,150314,150908,151848,152422,152353,153439,154107,155693,157656,160494,164304
E07000068,Brentwood,E12000006,153.1,518,42,68483,68779,69234,69895,70542,71040,71346,71941,72663,73301,73841,74255,74912,76193,76690,77163,76950,76854,77231,77339,77111,77316,78381,79326
E07000069,Castle Point,E12000006,44.7,2028,46,86673,86866,87237,87207,87462,87576,87776,88020,88122,88115,87964,88119,88377,88654,88854,89390,89275,89341,89619,89782,89712,89779,90140,90581
E07000070,Chelmsford,E12000006,342.2,557,41,157269,158686,160360,162505,163570,163879,164381,165047,166208,167441,168491,169301,170481,172128,173397,175137,177102,178017,179882,180488,181827,183471,186060,188803
E07000071,Colchester,E12000006,332.3,610,39,156016,156055,157164,158652,162038,163847,165674,167927,169027,171679,173614,175840,177308,180414,183242,185361,187177,189101,190470,191979,192658,194475,198497,200222
E07000072,Epping Forest,E12000006,339.0,405,42,120972,121482,121404,121495,121735,122530,122877,123365,123820,124189,124880,126599,128068,130040,130848,131587,132376,133373,134206,134569,134941,134889,136176,137451
E07000073,Harlow,E12000006,30.5,3216,37,78799,78340,78128,78019,78354,78722,79165,79913,80710,81490,82177,83478,84743,86531,87797,88913,89824,90695,91952,92415,93428,94447,96429,98235
E07000074,Maldon,E12000006,357.8,193,48,59589,59750,59996,60303,60662,60993,61398,61660,61815,61845,61720,61942,62184,62807,62796,63319,63743,64015,64481,65090,66611,67624,68400,69131
E07000075,Rochford,E12000006,167.1,538,44,78650,79325,79513,80100,80815,81490,82264,83056,83094,83415,83333,83582,83372,84111,84291,84568,84672,85129,85290,85213,86181,87272,88560,89815
E07000076,Tendring,E12000006,336.3,466,50,138802,139318,139909,140340,140325,140423,140523,140421,139593,139058,138062,138278,138862,140275,141531,143023,144323,145128,145696,146255,148925,151530,154321,156759
E07000077,Uttlesford,E12000006,641.2,148,44,68969,69529,70278,70865,71580,72929,74232,75505,76778,78620,80032,81148,82364,83732,84622,85565,86511,87711,89361,90482,91921,92650,93910,95106
E07000095,Broxbourne,E12000006,51.5,1980,40,87203,87700,87817,87805,88800,89684,90833,91630,92395,93085,93702,94990,95712,96776,97275,98153,98096,98317,98869,99311,99142,98952,100747,101900
E07000096,Dacorum,E12000006,212.5,760,40,137843,138118,138413,138403,138633,138973,139527,140802,142205,143651,145298,146826,148057,149380,150906,152462,153282,153982,154367,154815,155211,156299,158754,161420
E07000098,Hertsmere,E12000006,101.1,1090,41,94466,94295,94419,93788,94302,95225,96252,97642,98637,99402,100379,101389,102201,103541,104414,105372,105920,106458,107234,107612,108129,108310,109483,110212
E07000099,North Hertfordshire,E12000006,375.4,365,42,117051,117959,119148,120092,120757,121890,122974,124391,125269,126286,127494,128542,129460,131062,131662,133103,133629,133283,133195,133054,133583,134255,135752,137201
E07000102,Three Rivers,E12000006,88.8,1079,42,82905,83448,83946,83963,84305,84466,85282,86205,87096,87573,87921,89115,89814,90723,91961,92959,93075,93209,93443,93795,93934,94231,95093,95807
E07000103,Watford,E12000006,21.4,5001,37,80398,80185,80644,81097,82138,82145,82899,84776,86472,88574,90653,93066,95732,98101,99449,100458,100957,101658,102172,102322,102507,103038,105261,107171
E07000143,Breckland,E12000006,1305.1,112,47,121585,122222,123247,123944,125493,126551,127797,128938,129431,129932,131009,131701,132905,134204,135667,137190,138592,139146,139523,140408,142160,143422,144934,146620
E07000144,Broadland,E12000006,552.1,250,47,118814,119391,120333,121039,121637,122412,123242,123387,123819,124483,124740,124952,125081,125305,125837,126642,127708,128674,129721,130760,132238,133839,135997,138157
E07000145,Great Yarmouth,E12000006,174.3,577,46,90945,91437,92526,93316,94113,94545,95211,95924,96414,97063,97424,97682,98076,98520,99031,99471,100181,100343,100448,99851,100179,99798,100209,100529
E07000146,King's Lynn and West Norfolk,E12000006,1439.5,109,48,135565,136831,138272,139621,140959,142790,144274,145551,146428,147134,147936,148938,149722,150742,151863,152867,153666,153451,153332,153023,154920,155665,156201,156206
E07000147,North Norfolk,E12000006,967.5,107,55,98495,98723,99121,99374,99638,99907,100338,100887,100556,100780,101664,101445,101410,102012,101973,102176,102718,102523,102509,102064,103239,103178,103280,103217
E07000148,Norwich,E12000006,39.0,3774,34,122366,122376,122963,123857,125630,126805,126949,128034,129219,130923,132158,134378,136514,137631,138625,141332,142110,143830,143300,143935,143217,144956,146404,147182
E07000149,South Norfolk,E12000006,907.6,164,46,110848,112483,113665,114539,115420,116052,117134,118774,120488,122611,124495,125680,127063,128572,129942,131472,133573,135560,138131,139842,142509,144641,146645,148448
E07000200,Babergh,E12000006,595.1,163,49,83538,84112,85066,85622,85957,86698,86916,87260,87411,87467,87901,88144,88420,88999,89391,89584,89918,90456,90917,91491,92724,94289,95812,97033
E07000202,Ipswich,E12000006,39.5,3551,38,117156,117818,119210,121175,124028,124753,125471,127387,129320,131729,133729,135694,136760,138108,139694,141245,141922,141643,140809,139889,139638,139331,139497,140274
E07000203,Mid Suffolk,E12000006,871.1,127,47,87015,87684,88274,89492,90795,92070,93817,94603,95250,96244,97076,97432,97636,98404,98760,98731,99263,99744,100840,101570,103398,105725,108144,110775
E07000240,St Albans,E12000006,161.2,937,42,129168,130407,131180,131284,131951,133293,134338,136088,137858,139511,141248,142616,144222,145938,146894,147823,147596,147552,148058,148555,148624,148698,149729,151012
E07000241,Welwyn Hatfield,E12000006,129.5,948,38,97550,98136,99198,100470,103202,105096,106694,107442,108434,109630,110727,110684,111990,112166,113972,116637,117617,118365,119180,119806,119747,120308,121668,122819
E07000242,East Hertfordshire,E12000006,475.7,330,42,129145,130029,130264,130456,131065,132078,133421,134843,135980,136922,138155,139256,140519,141915,143293,144801,145743,146048,147335,149027,150662,151828,153897,156875
E07000243,Stevenage,E12000006,26.0,3534,38,79794,80110,80308,80008,80330,80352,80734,81615,82253,83007,84247,85052,85974,86719,87482,88466,89099,89310,89541,89755,89360,89639,90567,91774
E07000244,East Suffolk,E12000006,1261.0,198,50,227736,228974,230868,233329,235651,237032,239249,240139,239877,239932,239946,239607,239921,239929,240479,241807,243496,244313,245052,245482,246776,247135,248482,249664
E07000245,West Suffolk,E12000006,1034.7,182,41,154468,155991,157990,159469,161406,162408,163691,164959,166325,168604,171481,171820,172138,174735,176177,176416,178991,179189,179703,178236,180813,182332,186077,188485
E09000001,City of London,E12000007,2.9,5229,33,7359,7280,7115,7118,7131,7254,7607,7429,7472,7338,7412,7514,7537,7567,7668,7737,7877,8165,8765,8331,8689,11615,13606,15111
E09000002,Barking and Dagenham,E12000007,36.1,6447,32,165654,166357,166210,165610,166275,167157,169031,172452,177580,182838,187029,191453,196204,201244,206450,211047,214017,216298,218828,219227,218714,220392,226301,232747
E09000003,Barnet,E12000007,86.8,4668,38,319481,320552,321802,323723,327541,330801,334837,339212,345829,351438,357538,363260,368611,373853,377826,382925,384117,387574,390590,391046,388955,390371,398191,405050
E09000004,Bexley,E12000007,60.6,4234,39,218757,219123,220016,220917,222391,223280,224625,226652,228146,230711,232774,234435,236169,239112,241427,244006,244494,245244,246622,246924,246637,247875,252124,256434
E09000005,Brent,E12000007,43.2,8164,34,269620,269871,268323,268335,270939,276504,283273,290901,298118,304785,312245,317984,324345,329981,335605,339524,342439,345558,347424,343988,339248,341505,348751,352976
E09000006,Bromley,E12000007,150.1,2234,41,296218,296668,297253,297307,299421,300963,302625,304968,306924,308560,310554,314663,318582,321800,325653,327701,329134,330367,331192,331247,329899,329930,332482,335319
E09000007,Camden,E12000007,21.8,9961,33,202567,203972,204254,207341,211088,211032,211520,210273,212924,214725,220087,219647,221348,221095,221032,221024,218833,217915,217136,214768,210968,217352,217235,216943
E09000008,Croydon,E12000007,86.5,4734,37,335112,335415,335919,337134,339052,340449,344029,349308,352763,357951,364815,369617,374270,378244,381277,384382,385567,386999,390643,392101,390691,393547,402217,409342
E09000009,Ealing,E12000007,55.5,6949,36,307276,309242,308108,310073,312774,315329,318671,324022,329966,334073,339314,344834,350650,354660,359144,362163,362670,364208,367284,367936,366762,370315,379203,385985
E09000010,Enfield,E12000007,82.2,4052,38,277266,280745,281835,282217,284779,287429,291534,297443,301971,307648,313935,317780,321754,326340,330868,333295,333077,334000,335151,333149,329876,326867,328014,327434
E09000011,Greenwich,E12000007,47.3,6331,35,217460,221476,224303,227190,230494,233990,236535,239748,243672,249171,255483,260360,264036,268305,274230,278768,282376,285773,288205,288384,289537,292381,296420,299528
E09000012,Hackney,E12000007,19.0,14007,32,207246,210961,212405,213581,216512,220193,224480,231041,236622,241739,247182,251193,255646,258735,261929,264892,264834,266210,265825,263782,260082,261814,265411,266758
E09000013,Hammersmith and Fulham,E12000007,16.4,11504,33,169374,171989,171510,172083,173292,174675,176472,177088,180116,180842,182445,184439,186056,186659,187246,187472,187720,189037,188562,186555,183310,185822,187479,188687
E09000014,Haringey,E12000007,29.6,8912,36,221251,224474,225027,226472,229271,233174,236793,244459,249805,252742,255540,259312,265054,268901,272938,276262,274463,274240,273716,269534,264317,262078,263362,263850
E09000015,Harrow,E12000007,50.5,5365,37,210044,212336,213728,216267,221109,223632,226355,229567,233495,237451,240499,243800,247018,251618,255308,257317,257881,259861,262065,262281,261159,261798,266891,270724
E09000016,Havering,E12000007,112.3,2459,38,224717,225054,225248,225769,226990,228198,229789,231793,234127,236234,237927,239946,242550,246771,250449,254487,257429,259229,261296,261906,262086,264786,270305,276274
E09000017,Hillingdon,E12000007,115.7,2845,36,245616,247063,248054,248691,251430,254387,256981,261051,265665,269465,275499,281263,285982,290225,294011,297451,299469,302263,305641,306460,305107,312162,321977,329185
E09000018,Hounslow,E12000007,56.0,5350,36,215976,216888,216498,219440,223776,228126,233454,237907,243366,249236,254927,260584,265547,270773,275097,278601,281117,285430,289652,289773,288164,289196,295221,299424
E09000019,Islington,E12000007,14.9,15010,32,179387,180118,180899,180831,183477,185283,188636,192089,196704,200129,206285,208762,212604,214986,218255,220620,221535,221453,221994,221018,217050,219769,222333,223024
E09000020,Kensington and Chelsea,E12000007,12.1,11918,39,162199,163827,165268,165752,168375,165245,162883,162579,161893,160463,158251,157240,156823,156178,156149,152708,149651,148471,146805,144874,144266,146336,146499,144518
E09000021,Kingston upon Thames,E12000007,37.3,4635,38,149045,149642,149683,151055,152489,153667,154485,156027,157307,158648,160436,162562,164418,165791,167594,168617,168781,168729,169797,169770,167992,169076,170780,172692
E09000022,Lambeth,E12000007,26.8,11822,33,273372,273041,272195,274262,277620,280524,284964,289126,294050,297650,304481,310449,314375,318196,322881,326613,327227,328923,329513,325527,317691,317657,318738,316920
E09000023,Lewisham,E12000007,35.1,8572,35,254336,253662,251936,252455,254930,257976,261188,266508,270418,272525,276938,281011,286056,291086,295364,298809,300924,303127,305906,304169,300013,299164,300225,301255
E09000024,Merton,E12000007,37.6,5808,37,191106,190561,189298,188908,190583,192520,194260,195859,198136,199136,200543,205166,208529,211025,213791,215514,215431,216171,217219,217101,215426,215105,217135,218539
E09000025,Newham,E12000007,36.2,10347,31,249411,255282,256224,254434,253798,257994,266285,276478,286447,299171,310460,313750,316952,322984,330322,335337,338333,344570,349786,350025,351256,357327,368194,374523
E09000026,Redbridge,E12000007,56.4,5696,35,241893,244273,247412,248774,251560,255590,259965,265452,270435,275088,281395,285437,289976,295837,301022,304369,305937,308841,311780,311750,310130,311629,316556,321231
E09000027,Richmond upon Thames,E12000007,57.4,3427,42,174311,175441,177182,179312,181508,182520,182421,182927,184394,186304,187527,189934,192375,194492,194966,196293,196849,197119,198185,197797,195315,195295,196061,196678
E09000028,Southwark,E12000007,28.9,10901,33,256712,256269,255242,257257,261811,267553,272626,276973,281120,283777,288717,293078,297868,299685,304048,306720,307640,310492,312591,312055,306762,309327,313485,314786
E09000029,Sutton,E12000007,43.8,4893,40,181461,181265,181267,181094,182103,182882,184174,185860,188167,189321,191123,193982,196678,199144,201208,203299,204824,206286,208516,209921,209617,210369,212336,214525
E09000030,Tower Hamlets,E12000007,19.8,16787,30,201090,207031,208651,211154,213382,218400,225251,231893,240495,248520,256012,261936,270294,277060,282674,289011,293526,300050,305066,306780,312715,324881,329143,331886
E09000031,Waltham Forest,E12000007,38.8,7208,36,222015,223776,224115,225002,226747,230731,235665,242098,248140,254009,259742,263575,267963,270606,274579,277081,278105,279795,281015,279527,278147,275847,278506,279737
E09000032,Wandsworth,E12000007,34.3,9855,33,271742,274917,276828,278615,283229,287538,291440,294305,299347,302620,307710,312262,316810,319898,322658,326413,329493,331069,334558,333678,328429,330447,333859,337655
E09000033,Westminster,E12000007,21.5,9775,35,203329,208100,211009,214557,223132,222829,220619,218673,216980,217187,219582,219539,215907,214341,215876,213193,210459,209868,208415,205624,205759,209333,210665,209996
E06000035,Medway,E12000008,193.7,1511,38,249704,250262,251159,251459,252098,253478,255824,258224,260230,262738,264885,268144,271084,273977,276037,277504,278652,278827,279852,280364,279903,282750,288003,292655
E06000036,Bracknell Forest,E12000008,109.4,1196,39,109650,109490,109475,109189,109487,109896,110702,111455,111916,112893,113696,115100,116552,117979,119078,119553,120164,121046,121660,123188,125195,127160,129099,130806
E06000037,West Berkshire,E12000008,704.2,234,43,144494,143913,144297,145147,146492,148107,150056,152024,153039,153943,154148,155172,156789,157663,158895,160551,160729,160953,160883,161026,161864,162484,164189,165112
E06000038,Reading,E12000008,40.4,4528,35,144684,143915,144070,144590,146940,148321,149678,151460,152326,154296,155339,159065,163089,166300,169220,171750,173047,174484,174288,173879,173371,176178,179863,182907
E06000039,Slough,E12000008,32.5,5143,34,120577,120927,120869,120833,122874,125200,127991,131453,134742,137800,140713,143095,144880,147313,150104,152565,154573,155915,157632,158281,158448,159732,163940,167359
E06000040,Windsor and Maidenhead,E12000008,198.4,809,42,133541,133631,134201,135066,136446,138012,139743,141345,142424,143988,145098,146642,147525,148936,150043,152085,152648,153470,153893,153991,153922,155069,157174,158943
E06000041,Wokingham,E12000008,179.0,1046,41,150334,149445,148794,149008,149598,150548,152144,153191,154165,154650,154943,157038,158372,159576,161773,163797,165664,168734,171789,174708,178231,181318,184561,187200
E06000042,Milton Keynes,E12000008,308.6,991,38,212707,215061,217597,219521,223462,227225,231033,235625,240178,245450,249895,254003,259672,264948,269783,274231,276588,278892,281434,283707,288312,292584,300173,305884
E06000043,Brighton and Hove,E12000008,82.8,3427,37,249949,249743,249846,249847,252863,255564,258161,262019,265584,269495,272952,274051,275494,275999,277351,279796,279500,281250,279920,278496,276454,278000,281135,283870
E06000044,Portsmouth,E12000008,40.4,5307,36,188043,188476,190283,193483,196318,195964,194907,196036,198983,202700,205433,205729,205905,206200,207873,209951,210965,211215,210412,209142,207119,209599,213976,214321
E06000045,Southampton,E12000008,49.9,5201,34,219539,220459,221989,223589,226655,226698,227223,228447,230017,233085,235870,238097,239484,241230,244666,248662,250492,250803,249428,248679,247672,252178,257387,259424
E06000046,Isle of Wight,E12000008,379.6,373,52,132925,133908,134783,135891,137179,137727,138289,138675,138361,138364,138392,138632,138146,138899,139316,139650,141277,141665,141764,140915,140885,140756,141281,141660
E06000060,Buckinghamshire,E12000008,1564.9,370,42,479131,478768,480164,482126,485526,489348,493501,496371,498813,502820,506550,512105,517918,523613,529999,535519,538762,541983,545859,549066,555161,561180,569850,578772
E07000061,Eastbourne,E12000008,44.2,2361,45,89836,90829,92163,93772,95500,96532,97616,98361,98228,98510,99308,99990,100662,101328,101996,102610,102964,102544,102754,101984,101601,102304,103862,104259
E07000062,Hastings,E12000008,29.8,3061,43,85392,85873,86596,86854,87419,87516,88024,88722,89293,89623,90173,90493,90994,91356,91795,92347,92016,91963,91570,91130,90974,90734,91221,91219
E07000063,Lewes,E12000008,292.1,350,48,92247,92901,93227,93794,93832,94162,94782,95455,96114,97079,97584,98532,99215,99607,99717,100062,100434,100589,100813,100443,100166,100693,101605,102363
E07000064,Rother,E12000008,511.7,189,53,85471,86174,86718,87183,87684,88221,89262,90120,90123,90578,90729,90735,90487,91269,91751,92314,92904,92832,92581,92734,93409,94323,95089,96133
E07000065,Wealden,E12000008,835.0,200,49,140184,141150,142444,143404,144084,145094,146207,146539,146612,147861,149415,150608,151825,154017,155361,156056,156379,156791,157543,158291,160711,163091,164861,166908
E07000084,Basingstoke and Deane,E12000008,633.8,305,40,152874,153641,154833,155737,157499,158765,160183,162036,164135,166364,168550,171272,173300,175144,176838,178352,179083,179828,181396,183125,185713,188047,191048,193110
E07000085,East Hampshire,E12000008,514.4,253,47,109369,109606,109561,109960,110482,111131,112296,113172,114261,115350,116010,116541,117343,118015,118760,118817,119451,120647,122154,123725,126192,127387,128945,129975
E07000086,Eastleigh,E12000008,79.7,1794,41,116257,116430,116696,117066,118089,119436,120596,121312,122377,124240,125852,126483,127248,128255,128283,128808,129386,130517,132175,134090,136963,139124,140997,142933
E07000087,Fareham,E12000008,74.2,1555,47,108152,108451,108545,108473,108077,108397,109399,110205,110832,111382,111931,113033,113410,114156,114480,115102,115232,115115,114879,114777,114952,114626,114776,115428
E07000088,Gosport,E12000008,25.4,3268,43,76676,76831,77585,78099,78646,79579,80627,81730,81961,82307,82669,83063,83015,83569,83834,84476,84246,83700,83022,82588,82169,82390,82742,82921
E07000089,Hart,E12000008,215.3,479,43,83590,84238,85180,86367,87519,88874,89866,90566,90986,91276,91662,92354,93015,93941,94766,95560,96322,97022,97727,98299,100262,100975,102305,103162
E07000090,Havant,E12000008,55.8,2278,45,116886,117173,117346,117362,117542,117824,118282,119039,119394,120105,120783,120964,121105,121514,122189,123043,123836,124100,124099,124018,124467,124803,126037,126985
E07000091,New Forest,E12000008,752.1,234,52,169506,170595,171256,171769,172423,173269,174048,174548,175432,176323,176789,177030,177362,177875,177813,177855,177616,177525,177111,175937,176217,175937,175724,176116
E07000092,Rushmoor,E12000008,39.0,2708,37,90892,89877,89727,89358,90040,91065,91891,92589,92572,93397,94354,95581,96344,97064,97682,99385,99590,99372,99756,100140,100096,101109,103379,105751
E07000093,Test Valley,E12000008,627.7,215,44,109965,110387,111271,112049,112811,113530,114433,115101,115251,115814,116698,117462,119068,120478,122256,124155,125250,126474,127652,128858,131158,132948,134336,135201
E07000094,Winchester,E12000008,661.0,205,42,107264,107844,108515,109179,109947,110628,111820,113267,114505,115789,116820,117789,118736,119937,121440,122844,123771,123877,124407,125754,127921,130607,133253,135632
E07000105,Ashford,E12000008,580.6,243,41,103024,104377,105636,107264,109409,111459,113286,114556,115694,116975,118405,120191,121850,123682,124580,126327,128049,129701,130466,131431,133221,135818,139010,140936
E07000106,Canterbury,E12000008,308.7,525,41,135381,136483,138608,140578,141918,143490,145197,146073,146396,148653,150600,151710,153475,155151,156143,157280,157944,157256,157109,157187,156631,158723,160826,162100
E07000107,Dartford,E12000008,72.7,1719,37,85956,86403,87011,88277,89990,91174,92242,93946,95266,96337,97604,99064,100756,102765,104379,105905,108372,110818,113928,115572,116819,119042,121966,125011
E07000108,Dover,E12000008,315.3,380,45,104646,104883,105784,106878,107475,107904,109041,109848,110061,111072,111718,111529,111979,112541,112464,113365,114335,115148,115902,116134,116549,117445,118781,119768
E07000109,Gravesham,E12000008,99.0,1118,38,95791,95448,95569,95907,96884,97574,98496,99394,100188,101076,101766,103004,103837,105434,106404,106823,106543,106726,107348,107146,106883,106997,109059,110671
E07000110,Maidstone,E12000008,393.3,477,40,139116,140338,141246,142242,143353,145307,147741,149723,151594,153739,155764,157457,159308,161567,164112,165953,168115,169974,171816,173272,176697,180144,184281,187767
E07000111,Sevenoaks,E12000008,370.3,332,44,109242,109105,109280,110045,111266,112500,113132,113298,113754,114509,115351,116250,116696,117376,117735,118289,118489,119165,119575,120051,120823,121194,121774,122748
E07000112,Folkestone and Hythe,E12000008,356.9,315,47,96345,97205,98540,99949,101509,102469,103902,104782,105716,106962,108199,108185,107899,108153,108327,109235,109095,109728,109659,109587,110040,110372,111486,112411
E07000113,Swale,E12000008,373.4,424,41,123123,124172,125348,125890,126516,127568,129721,131720,133030,134980,136324,137694,139135,140992,142723,145184,146846,148400,149753,150584,152218,154508,156180,158379
E07000114,Thanet,E12000008,103.6,1377,44,126750,127675,128140,128782,129301,129601,130637,131750,132337,133508,134402,135730,136916,138695,139668,140373,140680,140848,140624,139945,140658,140699,141049,142691
E07000115,Tonbridge and Malling,E12000008,240.1,570,42,107771,108673,109494,110441,111719,113536,115469,116967,118459,120054,121087,122046,123006,124603,125712,127090,128680,130149,131502,131791,132363,133655,135432,136853
E07000116,Tunbridge Wells,E12000008,331.3,361,43,104049,104206,104390,105131,105877,107052,108927,111251,112774,114040,115246,115402,115164,115228,114769,115198,115559,114940,115158,115271,115650,116263,117741,119694
E07000177,Cherwell,E12000008,588.7,289,40,131988,132586,133977,134947,135876,137159,138120,139440,140301,141337,142252,143519,145185,146636,148630,150819,152329,154367,156447,158435,161830,164356,167480,170426
E07000178,Oxford,E12000008,45.6,3641,31,135509,136625,139917,141593,145383,144513,144188,144433,145478,147907,150245,152407,154916,157582,158156,160119,160754,161342,160789,160064,160379,163100,165441,166034
E07000179,South Oxfordshire,E12000008,678.5,231,43,128307,128754,128920,129359,130050,130676,131626,132611,133466,133915,134961,136267,137403,139186,140260,141511,142115,143019,144875,146844,150002,151886,153946,156470
E07000180,Vale of White Horse,E12000008,578.7,259,41,115772,115565,116134,116475,117390,118209,118994,119284,120026,120823,121891,122622,123441,124581,126165,128387,130701,132875,135040,136889,139400,142501,145795,149347
E07000181,West Oxfordshire,E12000008,714.4,169,43,95701,95961,97083,98038,98869,100316,102166,103016,103824,104706,105442,107428,108445,108636,109360,109705,110289,110656,111362,112534,115116,117068,119221,120941
E07000207,Elmbridge,E12000008,96.3,1493,43,122709,123784,124990,125677,127286,128763,129756,129908,129991,130937,131428,132847,134588,135980,136380,136974,136936,136863,137098,138098,139453,140434,141193,141926
E07000208,Epsom and Ewell,E12000008,34.1,2443,42,67077,67554,67738,68386,69172,70028,71337,72514,73106,74278,75191,76148,77334,78456,78890,79386,79862,80121,80685,81197,81006,81386,82614,83288
E07000209,Guildford,E12000008,270.9,559,38,129774,129297,128763,128575,129043,130673,131656,132401,133584,135547,137580,137893,138627,139706,141577,142891,143294,142384,142328,142732,144013,146232,149094,151359
E07000210,Mole Valley,E12000008,258.3,343,47,80283,80498,81233,81498,81808,82319,83219,84256,84732,85413,85637,86366,87233,87408,87459,87642,87296,87064,86762,86924,87599,87931,88529,88709
E07000211,Reigate and Banstead,E12000008,129.2,1232,41,126661,126272,126665,127222,127760,129190,131224,132857,134934,136741,138375,140083,141348,143529,144433,145621,146545,147887,149048,149545,151497,153828,156657,159134
E07000212,Runnymede,E12000008,78.0,1181,39,78053,77649,77550,76948,77018,77169,78330,78694,79373,80283,80501,81261,82229,82874,83730,84725,84920,85538,86660,87200,87830,89113,91101,92118
E07000213,Spelthorne,E12000008,51.2,2385,40,90404,90292,90225,90127,90571,91512,92425,93182,94001,94848,95852,97163,98252,99057,99755,100461,100819,101151,102062,102304,103036,103760,104875,107074
E07000214,Surrey Heath,E12000008,95.1,994,43,80309,80358,80938,81631,82321,83284,84214,84345,85142,85843,86378,86985,87591,88437,88945,89397,89537,89550,90544,90457,90653,91470,93220,94492
E07000215,Tandridge,E12000008,248.2,365,43,79332,78906,79002,79050,79373,80027,80983,81543,82099,82756,83178,83527,84477,85121,85527,85901,86457,86525,86923,87248,88127,89002,90049,90586
E07000216,Waverley,E12000008,345.2,389,44,115668,115573,116024,116230,116357,117038,118098,119012,120106,120957,121754,122173,123121,123839,124436,124949,125138,125159,125691,126260,128880,130327,132749,134284
E07000217,Woking,E12000008,63.6,1661,40,89893,89289,89646,89798,91072,92838,94397,95530,96597,98201,99493,100565,101831,102588,103286,104233,104299,104510,104423,103882,103900,104432,105053,105679
E07000223,Adur,E12000008,42.1,1542,45,59714,60050,59993,59961,59821,60337,60564,60721,61023,61216,61334,62158,62850,63525,63808,63947,64144,64230,64580,64550,64632,64760,64688,64889
E07000224,Arun,E12000008,221.0,770,49,140998,142385,143458,145149,145985,146750,147725,148458,148891,149467,149811,152162,154034,155983,157474,159363,161338,162647,163310,163661,165219,166288,168102,170064
E07000225,Chichester,E12000008,786.2,164,48,106494,106990,107512,108157,108773,109686,110603,111796,112474,113411,113995,115042,116120,116870,118447,119711,121442,122185,122815,123032,124517,126177,127540,128934
E07000226,Crawley,E12000008,44.9,2759,37,100440,99195,98712,98887,99703,100746,101610,102827,103843,105478,107053,108974,110190,111522,112952,114243,115083,116472,117144,117793,118607,119959,122655,124008
E07000227,Horsham,E12000008,530.2,286,45,122272,122694,123798,124920,125949,127190,128294,129073,129790,130916,131540,132145,132807,134201,135832,138257,139862,141468,142932,144377,147500,148784,149741,151521
E07000228,Mid Sussex,E12000008,334.0,484,43,127397,127713,128623,129461,130503,132061,133976,135734,137209,138897,140188,141243,142951,144577,145684,147001,147679,148966,150027,150877,152919,155159,158410,161755
E07000229,Worthing,E12000008,32.5,3501,45,97661,98236,98787,99452,100064,100632,101511,102369,102809,103769,104998,105797,106349,107291,108337,109346,109989,110280,110932,111064,111654,112071,112897,113866
E06000022,Bath and North East Somerset,E12000009,351.2,578,39,169158,169819,170361,170585,171274,171204,172635,173565,173360,174267,175538,176598,178743,180065,182561,185507,186894,189489,190176,191974,192419,195467,198264,200028
E06000023,"Bristol, City of",E12000009,109.7,4509,33,390049,389735,391454,395743,405407,408428,411901,414822,418990,423044,428074,433264,438984,443834,451790,459588,463113,467026,469920,471851,471285,479639,486376,494399
E06000024,North Somerset,E12000009,374.7,601,45,188840,189718,191323,192776,194745,197028,199498,200853,201711,202967,203091,204465,206403,208617,210553,212660,213701,214360,215540,215850,217385,219064,221927,224578
E06000025,South Gloucestershire,E12000009,497.0,616,39,245985,247755,249176,251226,253178,255258,256640,257970,259730,261471,263417,265741,268167,269840,272189,275808,278379,281719,284563,287182,290886,295391,300435,306332
E06000026,Plymouth,E12000009,79.9,3407,39,240954,242550,243390,244037,247516,249178,251237,252488,253116,254227,256589,257886,259549,261980,263088,264440,265294,265689,265041,264830,264768,267507,270605,272067
E06000027,Torbay,E12000009,62.9,2229,49,129965,130521,131238,131937,132178,131857,132172,132070,131641,131443,131193,131806,132920,134217,135052,136172,137329,138100,138754,138695,139440,139435,139744,140126
E06000030,Swindon,E12000009,230.1,1060,39,180129,182110,184368,186390,189684,192345,196942,201521,204371,206939,209709,212801,215994,218998,221805,224498,227680,230174,231934,232574,233760,236046,240218,243875
E06000052,Cornwall,E12000009,3549.3,165,47,499937,504644,508579,511810,515098,517984,521957,524973,526365,529794,533760,537411,540061,543778,547334,551203,556921,559961,563695,565045,571948,575591,579381,583289
E06000053,Isles of Scilly,E12000009,16.3,145,46,2140,2170,2155,2210,2210,2264,2293,2333,2251,2228,2224,2249,2214,2188,2238,2236,2170,2166,2098,2030,2271,2340,2433,2366
E06000054,Wiltshire,E12000009,3255.4,161,44,433508,438386,442633,445632,448670,453041,458840,464007,466711,470199,474319,476806,479505,484344,488377,492706,497177,498703,502985,507047,513240,516185,519779,523700
E06000058,"Bournemouth, Christchurch and Poole",E12000009,162.1,2523,42,346829,348717,348483,348506,351616,353901,359462,363158,366948,373760,379441,382465,385483,389727,392499,397066,399374,400064,400182,399564,400155,402784,406626,408967
E06000059,Dorset,E12000009,2490.9,157,52,346596,350487,353367,355305,357679,359806,363069,364085,363567,364317,365897,366572,367651,368694,370728,372416,374675,375604,377699,377670,381245,383509,386151,389947
E06000066,Somerset,E12000009,3451.8,171,46,498707,503132,506790,510659,514338,517252,522150,525668,526592,528609,531581,535842,539465,544312,548792,554806,558895,562159,564987,566310,573100,577349,582962,588328
E07000040,East Devon,E12000009,814.2,194,50,125713,126562,127170,128444,129797,130641,132023,132594,132378,132666,133272,134117,134763,136571,138588,140917,143284,145151,147346,148592,152065,154307,156378,158239
E07000041,Exeter,E12000009,47.0,2942,35,111180,110636,111064,110697,112970,113128,114109,114167,114419,115712,117063,117980,118994,119789,121583,123347,124817,125758,126312,127345,129527,134458,135708,138399
E07000042,Mid Devon,E12000009,912.9,93,47,69887,70651,71472,72607,73323,74138,75599,76406,76981,77391,77936,78318,78572,78969,79167,79448,80054,80858,81434,82130,83171,83840,84266,84993
E07000043,North Devon,E12000009,1085.9,93,48,87674,88477,89570,90433,91146,91744,92355,92775,93046,93293,93976,93742,93610,93740,93859,94407,95356,96052,97325,97622,99398,100509,100664,101222
E07000044,South Hams,E12000009,886.6,104,51,81929,82058,81994,82085,82489,82985,83363,83516,83368,83516,83563,83523,83867,84221,84616,84554,85183,85874,86458,87371,89161,89795,90937,92148
E07000045,Teignbridge,E12000009,673.7,206,50,121167,121810,122424,122964,123460,123508,124066,124396,124451,124359,124271,124830,125754,127236,128566,129668,131572,132707,133965,133869,135189,135986,137363,138548
E07000046,Torridge,E12000009,985.2,71,52,59129,59774,60663,61479,61954,62615,63100,63501,63477,63686,63973,64688,64860,65306,65808,66512,67529,67787,67837,67631,68444,68696,69291,69841
E07000047,West Devon,E12000009,1161.1,51,52,48889,49972,49698,50118,50481,50833,51711,52566,52868,53285,53655,53938,54011,54402,54623,54947,55557,55647,55865,56236,57480,58218,58920,58923
E07000078,Cheltenham,E12000009,46.6,2613,41,110024,109775,109282,109763,110948,111637,112511,112971,113967,114901,115645,116018,116164,117094,117693,118953,119303,119600,119459,118924,118838,119617,120859,121739
E07000079,Cotswold,E12000009,1164.5,79,50,80387,80475,81212,81795,82205,82597,83202,83016,82765,82614,83180,83483,83986,84656,85293,85994,87540,88814,89632,89824,91076,91368,91511,91661
E07000080,Forest of Dean,E12000009,525.9,171,48,80057,80125,80729,81091,81482,81733,82004,82099,81994,81896,82200,82437,82672,83377,84335,85135,85557,86133,86274,86454,87114,87931,89050,89753
E07000081,Gloucester,E12000009,40.6,3418,38,109947,110593,111545,112583,113876,115296,117225,118394,119348,120660,121921,123467,124947,126167,128032,129716,130898,131320,131776,132112,132564,133690,136302,138598
E07000082,Stroud,E12000009,460.6,273,46,108060,108229,108840,109477,110122,110509,111069,111375,111853,112491,113074,113328,113895,115211,116770,117213,117613,118172,118832,119511,121493,123282,124456,125680
E07000083,Tewkesbury,E12000009,414.4,246,43,76524,77248,77673,77932,78275,78930,79404,79755,80553,81535,82269,82568,83549,84826,85548,87065,88801,90614,92703,93747,95400,97050,99546,101949
N09000001,Antrim and Newtownabbey,N92000002,728.2,259,40,128760,129502,130356,131067,132350,133216,134756,136122,137422,138044,138651,139397,140042,140682,141364,142138,142996,143952,145152,145563,145852,146148,147298,148100
N09000002,"Armagh City, Banbridge and Craigavon",N92000002,1437.1,166,39,176014,177357,178954,180828,183933,187196,190505,193603,196203,198202,200298,202560,204072,206141,208339,210924,212635,214887,217069,218162,219127,220271,221754,222511
N09000003,Belfast,N92000002,137.7,2559,36,328695,328471,327176,326268,325483,325985,327383,330052,331763,333489,333895,334322,335881,337872,340194,341111,341915,343690,345391,344994,344992,348005,350533,352390
N09000004,Causeway Coast and Glens,N92000002,1985.5,71,43,131374,132827,134152,135209,136340,137438,138375,139004,139616,140107,140907,141147,141100,141453,142052,142158,142296,142404,142776,142507,141664,141316,141733,141954
N09000005,Derry City and Strabane,N92000002,1251.2,122,39,143810,144280,144629,145041,145447,145855,146742,147496,148053,148148,148191,148666,148721,149307,149589,150259,150589,150712,151236,150831,150834,150836,150859,152383
N09000006,Fermanagh and Omagh,N92000002,3012.1,41,41,105751,106663,107332,107923,108586,109344,110345,111494,111998,112919,113501,114162,114219,114785,115057,115456,115859,116329,116797,116594,116926,116994,117195,117687
N09000007,Lisburn and Castlereagh,N92000002,510.4,300,41,124585,124757,125001,125764,127043,128185,129179,130584,132386,133909,135280,136498,137201,139186,140938,142088,143737,145644,147467,148102,149272,149915,150822,151669
N09000008,Mid and East Antrim,N92000002,1061.4,132,43,127452,128281,129181,129925,130980,132021,133270,134169,134774,135157,135365,135837,135983,136610,137085,137718,138019,138592,139066,139134,139127,139200,139840,139913
N09000009,Mid Ulster,N92000002,1957.3,83,38,119112,120214,121324,122645,124885,127662,131088,133595,135408,137221,139011,140466,141551,143217,144404,145874,147002,148028,149230,149747,150598,151001,152006,152718
N09000010,"Newry, Mourne and Down",N92000002,1682.3,109,40,153726,154984,156395,158460,160453,162723,165634,168019,169652,171119,172276,173754,174951,175557,176559,178017,179199,180205,181528,181683,182345,182634,183429,183115
N09000011,Ards and North Down,N92000002,566.5,292,45,149559,150198,150424,150912,152233,153488,154406,155014,156058,156518,156943,157794,157956,158376,159362,160299,160931,161816,162807,163206,163827,164223,164913,165415
S12000005,Clackmannanshire,S92000003,159.2,327,45,48070,48140,48140,48680,49160,49540,50600,51190,51290,51330,51500,51350,51400,51390,51560,51540,51630,51540,51660,51400,51600,51750,52020,52110
S12000006,Dumfries and Galloway,S92000003,6436.6,23,51,147780,147670,147860,148700,149620,149770,150370,151010,151160,151100,151410,150660,149960,149490,148820,148390,147810,146990,146810,146090,146250,145770,145890,145860
S12000008,East Ayrshire,S92000003,1270.3,96,45,120310,119920,119850,120210,120280,120440,120950,121600,122110,122410,122690,122620,122270,121870,121620,121580,121150,120810,120870,120340,120500,120400,120870,121480
S12000010,East Lothian,S92000003,679.2,170,44,90180,91060,91640,92170,92730,93850,95570,97480,98340,99140,99920,101080,101900,102880,104110,105170,106080,107070,108510,109510,111340,112460,113810,115180
S12000011,East Renfrewshire,S92000003,174.2,573,44,89410,89930,89870,89790,89880,89750,89840,89870,89980,90410,90810,91060,91660,92530,93090,93880,94810,95070,95410,95820,96210,97170,98760,99830
S12000013,Na h-Eileanan Siar,S92000003,3096.6,9,51,26450,26350,26430,26650,26930,27060,27210,27280,27420,27600,27690,27540,27350,27180,26930,26700,26690,26500,26340,26080,26160,26120,26040,26020
S12000014,Falkirk,S92000003,297.1,539,43,145270,145920,146800,148300,150130,151090,152320,153290,154210,155130,156250,156580,156860,157270,157880,158660,159240,159090,159530,158990,158760,158450,159020,160020
S12000017,Highland,S92000003,26158.4,9,48,208920,209760,211640,214560,218060,220780,224000,226970,228750,230730,232730,233000,233080,233180,234060,234570,234800,234530,234510,233910,235850,235710,236520,237290
S12000018,Inverclyde,S92000003,161.9,492,46,84150,83730,83300,82690,82680,82320,82110,82000,81670,81510,81220,80990,80870,80540,80340,80110,79820,79350,79150,78580,78390,78350,78780,78880
S12000019,Midlothian,S92000003,355.3,282,41,80950,80880,80280,80230,80050,79990,80370,81550,81900,82360,83450,84390,85120,86880,88180,89470,91000,92220,93420,94180,95670,97040,98370,99880
S12000020,Moray,S92000003,2237.6,42,46,87000,87690,88830,89380,90100,90780,91440,92840,93160,93690,93470,92720,93940,94180,94800,95110,94660,94090,94170,93870,94270,94300,94790,95010
S12000021,North Ayrshire,S92000003,885.3,151,48,135820,135890,136310,136500,136690,136790,137420,137910,137830,137800,138090,137640,137100,136670,136220,135950,135810,135130,134570,134040,133860,133490,133720,134010
S12000023,Orkney Islands,S92000003,1015.0,22,49,19220,19330,19540,19830,20070,20340,20580,20740,20940,21220,21420,21500,21510,21510,21520,21640,21730,21830,21870,21970,22030,22030,22020,22020
S12000026,Scottish Borders,S92000003,4739.2,25,50,106950,107530,108390,109450,110250,110860,112200,113360,113590,113700,113880,113940,114350,114760,114890,115460,115970,116190,116490,116380,117080,116820,116880,116980
S12000027,Shetland Islands,S92000003,1468.5,16,45,21960,22000,21950,22090,22250,22210,22350,22480,22800,23060,23240,23200,23180,23330,23370,23240,23110,23000,22910,22890,22960,23020,23100,23190
S12000028,South Ayrshire,S92000003,1224.4,92,50,112160,111690,111550,111840,112030,112100,112380,112610,112490,112600,112980,112900,112710,112440,112260,112200,112400,111990,112010,111470,111560,111560,111940,112260
S12000029,South Lanarkshire,S92000003,1773.9,189,43,302340,302770,303480,305660,306850,308450,310370,311310,312180,313180,313900,314770,315810,316770,318110,319050,320480,321320,323120,323620,325390,327460,331090,334030
S12000030,Stirling,S92000003,2252.5,43,43,86200,86630,87090,86920,87510,88090,88430,88540,88690,89550,90330,90460,90290,90150,90890,91600,91780,91940,92100,92090,91470,92610,93540,94210
S12000033,Aberdeen City,S92000003,185.6,1249,38,211910,210680,209280,207820,208690,209630,212470,214020,217020,219730,222460,224040,225260,226170,226680,225340,223890,222170,222760,222710,220630,224250,229360,231780
S12000034,Aberdeenshire,S92000003,6318.0,42,45,226940,228830,231250,234690,237570,241180,244390,246830,249020,251430,253650,255750,258130,261350,263250,263460,262920,262220,261900,261510,263140,263750,264610,265080
S12000035,Argyll and Bute,S92000003,7005.5,13,51,91300,91020,90930,90580,90340,90860,90790,89910,89450,88620,88930,87170,88470,88450,87850,88230,88090,87590,87360,87160,87960,87930,87960,87690
S12000036,City of Edinburgh,S92000003,263.4,2015,37,449020,447500,445300,445870,449470,452040,456040,458520,463230,469930,477940,480420,482650,485270,490280,496200,500770,503920,508280,509550,505750,514570,524140,530680
S12000038,Renfrewshire,S92000003,261.5,723,42,172850,172300,171560,171470,171430,171270,171870,172640,173020,173700,174700,174660,174600,175280,175900,177400,178530,179510,181040,181610,182330,184370,187150,189170
S12000039,West Dunbartonshire,S92000003,177.3,561,43,93320,93040,92470,91960,91530,91410,91370,91190,91080,90800,90610,90420,89980,89950,89930,90260,90120,89660,89560,88990,88510,88270,88940,89120
S12000040,West Lothian,S92000003,428.8,436,41,159030,160370,161690,163540,165010,167110,169470,171390,173040,174090,175300,175480,175200,176060,177060,178330,179080,179270,179740,179920,180850,181730,184270,186440
S12000041,Angus,S92000003,2185.0,53,48,108370,108810,108700,110170,111340,112500,113540,114490,114830,115410,116200,116110,116170,116550,116870,116450,116090,115610,115530,114990,114950,114670,114950,114810
S12000042,Dundee City,S92000003,59.8,2506,38,145460,144370,144080,143100,143600,143360,143700,144290,145170,146060,147200,147560,147560,147360,147320,147220,147810,147770,148290,148070,146790,148470,150030,149880
S12000045,East Dunbartonshire,S92000003,174.5,630,46,108250,107350,107000,106540,106040,105590,105050,104940,104960,104920,105000,105910,105970,106930,107350,107830,108460,108560,108870,108880,108920,108990,109410,109970
S12000047,Fife,S92000003,1325.2,283,44,349770,350740,351360,353050,355460,357260,358740,360040,361420,362610,365300,365950,366350,366370,367020,368830,369400,369270,370620,370760,370880,371390,373570,374760
S12000048,Perth and Kinross,S92000003,5383.8,29,47,134950,135130,135960,136900,138060,139380,141140,143130,144370,145600,146850,147260,147010,147800,148490,149170,149540,149350,149740,149410,150700,151130,152910,154420
S12000049,Glasgow City,S92000003,174.6,3724,35,578710,576450,572270,569560,569250,568460,571760,576200,581620,586500,593060,593080,592090,592400,595200,600820,604220,608190,612490,612710,610860,622050,638760,650300
S12000050,North Lanarkshire,S92000003,472.3,733,42,321180,322520,323700,325400,327140,328740,331160,333280,335160,336280,337720,337990,338000,338440,338750,339740,340310,340350,341570,341400,341280,340920,342780,344540
W06000001,Isle of Anglesey,W92000004,715.2,97,49,67806,67879,68140,68753,69095,69388,69700,69916,69884,69833,69913,69964,69880,69761,69415,68826,68617,68539,68278,68794,68937,69107,69238,69097
W06000002,Gwynedd,W92000004,2548.6,48,44,116844,117344,118022,118721,118641,119070,119398,119746,120344,121155,121523,121439,120403,119796,119632,118958,118881,118129,117584,118180,117072,118089,120064,120813
W06000003,Conwy,W92000004,1130.2,102,50,109674,110624,111248,112272,112374,113004,113778,114371,114623,114682,115326,115432,115313,115700,115380,115391,114855,114387,114196,114651,114788,114390,114783,114891
W06000004,Denbighshire,W92000004,838.7,117,46,93070,93478,93872,94010,93978,93983,94530,94739,94444,94152,93919,94119,94378,94670,94691,94723,94597,94596,94766,95558,96047,96652,97375,98202
W06000005,Flintshire,W92000004,439.8,354,44,148629,148947,149176,149681,149890,150125,150816,151501,151985,152080,152666,152660,152906,153439,153688,154166,154587,154587,154592,155004,155045,155422,155614,155867
W06000006,Wrexham,W92000004,503.8,274,42,128540,128595,128914,129005,129249,130311,131263,132371,133295,134009,135070,135589,135861,135983,135565,135354,135619,136244,135899,135980,135152,135684,136890,138245
W06000008,Ceredigion,W92000004,1788.4,41,47,75417,75500,75581,75775,75485,75342,75326,74971,74642,75217,75293,76215,76087,75197,73724,72900,72220,71291,70639,71421,70676,71956,72488,72599
W06000009,Pembrokeshire,W92000004,1618.3,78,49,113058,114146,115147,116428,117204,118278,119640,121134,121563,121974,122613,122621,122302,122148,121721,121438,121382,121194,121432,122572,123633,124425,125043,125761
W06000010,Carmarthenshire,W92000004,2371.1,80,46,173652,174628,176133,177487,178229,179504,181314,182517,182846,183004,183961,184206,184252,184349,184404,184985,184984,185444,186125,187391,188172,189194,190381,190800
W06000011,Swansea,W92000004,377.6,665,40,223463,224755,226350,228176,229347,230793,232460,234139,235601,237311,238691,239197,239237,239228,239354,239300,239266,239184,238707,238992,237897,242812,248959,251304
W06000012,Neath Port Talbot,W92000004,442.3,325,43,134380,134931,136233,137144,137670,138323,138957,139481,139537,139638,139880,139694,139093,139439,139704,141000,141022,141342,141385,142308,141934,142291,142045,143249
W06000013,Bridgend,W92000004,250.8,588,43,128735,129741,131032,131947,132893,134164,135949,137175,137783,138471,139410,139985,140579,141333,142177,142887,143355,143583,144500,145434,145738,146173,146900,147530
W06000014,Vale of Glamorgan,W92000004,331.3,410,44,119277,120279,120980,122101,122877,123642,124732,125713,126162,126435,126679,126703,126458,126714,126261,127082,128377,129165,129802,131224,132491,133695,134771,135743
W06000015,Cardiff,W92000004,142.3,2724,34,310088,312021,313246,317099,321001,323766,328196,332790,337656,341402,345442,348084,349982,350949,351600,352982,354348,355125,357137,360287,359824,369851,379739,383919
W06000016,Rhondda Cynon Taf,W92000004,424.2,573,41,231910,231795,232361,233971,234070,234493,234471,234724,234743,234459,234373,235271,235145,235284,235233,235567,236357,236685,237574,238039,237545,239494,242091,242844
W06000018,Caerphilly,W92000004,277.4,638,42,169546,170776,171363,172361,172777,173741,174987,176259,177159,178101,178782,178563,178236,178513,178269,178013,177610,177277,176735,176805,175999,176156,176639,176865
W06000019,Blaenau Gwent,W92000004,108.7,624,42,70000,69452,69228,69242,69188,69610,69685,69820,69850,69798,69812,69589,69186,68737,68395,68135,67829,67566,67382,67219,66989,66948,67523,67873
W06000020,Torfaen,W92000004,126.2,749,42,90912,90700,90719,90516,90644,90820,90974,91094,91199,91060,91190,91199,90842,90866,90844,90730,90638,91130,91685,92337,92454,92896,93518,94119
W06000021,Monmouthshire,W92000004,850.3,112,49,84984,85417,86605,87829,88611,89090,89592,90109,90557,91016,91508,91623,91822,91864,91867,92024,91791,91834,91730,92456,93163,94049,94672,94930
W06000022,Newport,W92000004,190.4,882,38,137642,138727,139121,139316,139617,140557,141376,142744,143753,144803,145785,146760,147586,148150,148948,150926,153234,155222,156773,158438,159687,162042,165112,167899
W06000023,Powys,W92000004,5195.3,26,51,126398,127145,128295,129568,130210,131037,131982,132865,133090,132878,133071,133146,132719,132809,132945,132531,132460,131967,131556,132199,133521,133989,134645,135059
W06000024,Merthyr Tydfil,W92000004,112.0,529,41,56207,55996,55955,56020,56259,56627,57173,57688,58156,58493,58851,58869,58791,58859,58922,59247,59337,59349,59255,59194,58869,58881,58841,58972
